,Seq_0,count,prob
0,1,619,0.009531
1,2,1326,0.020418
2,3,2477,0.038141
3,4,4810,0.074064
4,5,8996,0.138519
5,6,14058,0.216463
6,7,14154,0.217942
7,8,9222,0.141999
8,9,4957,0.076327
9,10,2541,0.039126
10,11,1230,0.018939
11,12,554,0.008530
